notes.Add(new Vector2Int(12,2));
notes.Add(new Vector2Int(7,1));
notes.Add(new Vector2Int(9,1));
notes.Add(new Vector2Int(11,1));
notes.Add(new Vector2Int(13,1));
notes.Add(new Vector2Int(15,1));
notes.Add(new Vector2Int(17,1));
notes.Add(new Vector2Int(18,1));
notes.Add(new Vector2Int(19,1));
notes.Add(new Vector2Int(20,1));
notes.Add(new Vector2Int(43,2));
notes.Add(new Vector2Int(47,2));
notes.Add(new Vector2Int(49,2));
notes.Add(new Vector2Int(52,2));
notes.Add(new Vector2Int(56,2));
notes.Add(new Vector2Int(57,2));
notes.Add(new Vector2Int(30,1));
notes.Add(new Vector2Int(32,1));
notes.Add(new Vector2Int(34,1));
notes.Add(new Vector2Int(36,1));
notes.Add(new Vector2Int(37,1));
notes.Add(new Vector2Int(80,2));
notes.Add(new Vector2Int(42,1));
notes.Add(new Vector2Int(44,1));
notes.Add(new Vector2Int(91,2));
notes.Add(new Vector2Int(93,2));
notes.Add(new Vector2Int(96,2));
notes.Add(new Vector2Int(99,2));
notes.Add(new Vector2Int(52,1));
notes.Add(new Vector2Int(54,1));
notes.Add(new Vector2Int(56,1));
notes.Add(new Vector2Int(59,1));
notes.Add(new Vector2Int(61,1));
notes.Add(new Vector2Int(65,1));
notes.Add(new Vector2Int(67,1));
notes.Add(new Vector2Int(69,1));
notes.Add(new Vector2Int(70,1));
notes.Add(new Vector2Int(143,2));
notes.Add(new Vector2Int(147,2));
notes.Add(new Vector2Int(149,2));
notes.Add(new Vector2Int(153,2));
notes.Add(new Vector2Int(157,2));
notes.Add(new Vector2Int(81,1));
notes.Add(new Vector2Int(83,1));
notes.Add(new Vector2Int(86,1));
notes.Add(new Vector2Int(89,1));
